{
  "feature_names": [
    "font_size",
    "bold",
    "font_ratio",
    "y_pos",
    "x_start",
    "width",
    "text_length",
    "word_count",
    "avg_word_length",
    "has_numbers",
    "starts_with_number",
    "has_colon",
    "has_period",
    "is_all_caps",
    "is_title_case",
    "numbered_h1",
    "numbered_h2",
    "numbered_h3",
    "has_heading_words"
  ],
  "classes": [
    "H1",
    "H2",
    "H3",
    "H4",
    "non-heading"
  ],
  "train_accuracy": 0.9744318181818182,
  "test_accuracy": 0.8409090909090909,
  "feature_importance": {
    "x_start": 0.159118587599581,
    "width": 0.12135657796517538,
    "text_length": 0.11017261638816457,
    "avg_word_length": 0.10924574527316099,
    "y_pos": 0.09909211951741939,
    "word_count": 0.07391263023967579,
    "font_ratio": 0.06891084215636871,
    "font_size": 0.06891057445350039,
    "bold": 0.0523562904008326,
    "has_colon": 0.035280977072728543,
    "has_period": 0.025204590666971706,
    "has_numbers": 0.01906286177332685,
    "starts_with_number": 0.015062159384937721,
    "is_title_case": 0.012148924841259623,
    "numbered_h2": 0.01062759468390181,
    "has_heading_words": 0.010359823579426532,
    "numbered_h1": 0.00705905320220061,
    "is_all_caps": 0.0021180308013677,
    "numbered_h3": 0.0
  },
  "training_samples": 704
}